<?xml version="1.0" encoding="UTF-8"?>
<!DOCTYPE mapper PUBLIC "-//mybatis.org//DTD Mapper 3.0//EN" "http://mybatis.org/dtd/mybatis-3-mapper.dtd">
<mapper namespace="Base0103">

	<select id="selectDeptList" resultType="java.util.LinkedHashMap" parameterType="hashmap">
		SELECT MDI_LINKNO , MDI_DPTNAME
		FROM MF_DPT_INFO
		WHERE CMN_DEL_STS = 'N'
		GROUP BY MDI_LINKNO, MDI_DPTNAME
		<if test="schType=='dept' and schKeyword != ''">
		HAVING MDI_DPTNAME LIKE '%' || #{schKeyword} || '%'
		</if>
		ORDER BY MDI_LINKNO
	</select>
	
	<select id="selectTeamList" resultType="java.util.LinkedHashMap" parameterType="hashmap">
		SELECT A.MDI_LINKNO, A.MDI_DPTNAME, B.MTI_TEAMNO, B.MTI_TEAMNAME, B.MTI_DPTNO
		FROM MF_DPT_INFO A, MF_TEAM_INFO B
		WHERE A.MDI_LINKNO =  B.MTI_DPTNO
		AND A.CMN_DEL_STS = 'N'
		<if test="dptno != ''">
        AND B.MTI_DPTNO = #{dptno}
		</if>
		<if test="schType=='team' and schKeyword != ''">
		AND B.MTI_TEAMNAME LIKE '%' || #{schKeyword} || '%'
		</if>
		ORDER BY A.MDI_LINKNO, B.MTI_TEAMNO
	</select>
	
	<!-- 부서 상세정보 불러오기 -->
	<select id="selectDeptInfo" resultType="java.util.LinkedHashMap" parameterType="hashmap">
	   	SELECT MDI_LINKNO, MDI_DPTNAME 
		FROM MF_DPT_INFO 
		WHERE MDI_LINKNO = #{MDI_LINKNO}
		AND CMN_DEL_STS = 'N'
	</select>

	<!-- 팀 상세정보 불러오기 -->
	<select id="selectTeamInfo" resultType="java.util.LinkedHashMap" parameterType="hashmap">
	   	SELECT A.MDI_LINKNO, A.MDI_DPTNAME, B.MTI_TEAMNO, B.MTI_TEAMNAME 
	   	FROM MF_DPT_INFO A, MF_TEAM_INFO B 
	   	WHERE MTI_TEAMNO =  #{teamno} and A.MDI_LINKNO = B.MTI_DPTNO
	</select>
	
	<select id="selectMaxNum" resultType="java.util.LinkedHashMap" parameterType="hashmap">
	select NVL(MAX(TO_NUMBER(MTI_TeamNo))+1, '1') as maxNum  FROM MF_TEAM_INFO
	</select>
	
	<update id="updateDptInfo" parameterType="hashmap">
	update mf_dpt_info set MDI_DPTNAME=#{MDI_DPTNAME} WHERE MDI_LINKNO = #{MDI_LINKNO}
	</update>
	
	

</mapper>