<?xml version="1.0" encoding="UTF-8"?>
<!DOCTYPE mapper PUBLIC "-//mybatis.org//DTD Mapper 3.0//EN" "http://mybatis.org/dtd/mybatis-3-mapper.dtd">
<mapper namespace="Base0109">

	<select id="selectVcnList" resultType="java.util.LinkedHashMap" parameterType="hashmap">
	SELECT MVI_VCNNO, MVI_VCNNAME, MVI_PRODNAME
    FROM MF_VCN_INFO
    WHERE CMN_DEL_STS = 'N'
    
     <if test="schKeyword != ''">  
     AND (upper(MVI_VCNNAME) LIKE '%' || upper(#{schKeyword}) || '%' OR  upper(MVI_PRODNAME) LIKE '%' || upper(#{schKeyword}) || '%' )  
     </if>  

	</select>

	<select id="selectVcnInfo" resultType="java.util.LinkedHashMap" parameterType="hashmap">
	SELECT MVI_VCNNO, MVI_VCNNAME, MVI_PRODNAME, MVI_UNIT, MVI_INWAY
    FROM MF_VCN_INFO
    WHERE CMN_DEL_STS = 'N'
    AND MVI_VCNNO = #{MVI_VCNNO}
	</select>
		
	<select id="getMaxNumber" resultType="java.util.LinkedHashMap" parameterType="hashmap">
	SELECT NVL(MAX(TO_NUMBER(MVI_VcnNo))+1,'1')as MAXNUM  FROM MF_VCN_INFO
	</select>
</mapper>
