<?xml version="1.0" encoding="UTF-8"?>
<beans xmlns="http://www.springframework.org/schema/beans"
	xmlns:tx="http://www.springframework.org/schema/tx"
    xmlns:mvc="http://www.springframework.org/schema/mvc"
    xmlns:xsi="http://www.w3.org/2001/XMLSchema-instance"
    xsi:schemaLocation="
        http://www.springframework.org/schema/beans
        http://www.springframework.org/schema/beans/spring-beans.xsd
    	http://www.springframework.org/schema/tx 
        http://www.springframework.org/schema/tx/spring-tx-3.2.xsd
        http://www.springframework.org/schema/mvc
        http://www.springframework.org/schema/mvc/spring-mvc.xsd">


	<bean id="dataSourceSpied" class="org.apache.commons.dbcp.BasicDataSource">
		<!--<property name="driverClassName" value="core.log.jdbc.driver.OracleDriver" />-->
		<property name="driverClassName" value="oracle.jdbc.driver.OracleDriver" />
		<property name="url" value="jdbc:oracle:thin:@112.221.136.198:1521:orcl" />
		<property name="username" value="AMS" />
		<property name="password" value="geit0020" />
<!-- 		<property name="driverClassName" value="oracle.jdbc.driver.OracleDriver" />
			<property name="url" value="jdbc:oracle:thin:@98.33.1.46:1522:untdb21" />
			<property name="username" value="AMS" />
			<property name="password" value="qhdks365" /> -->
	</bean>
	
	<bean id="dataSource" class="net.sf.log4jdbc.Log4jdbcProxyDataSource">
		<constructor-arg ref="dataSourceSpied" />
		<property name="logFormatter">
			<bean class="net.sf.log4jdbc.tools.Log4JdbcCustomFormatter">
				<property name="loggingType" value="MULTI_LINE" />
				<property name="sqlPrefix" value="SQL:::" />
			</bean>
		</property>
	</bean>

	<bean id="sqlSessionFactory" class="org.mybatis.spring.SqlSessionFactoryBean">
		<property name="dataSource" ref="dataSource" />
        <property name="configLocation" value="classpath:mybatis/config/mybatis-config.xml" />
	</bean>
	<!--
	<bean id="sqlSessionFactory" class="org.mybatis.spring.SqlSessionFactoryBean">
		<property name="mapperLocations" value="classpath*:Queries/*.xml" />
		<property name="dataSource" ref="dataSource" />
	</bean>
	-->
	<bean id="sqlSessionTemplate" class="org.mybatis.spring.SqlSessionTemplate">
		<constructor-arg index="0" ref="sqlSessionFactory" />
	</bean>
	
	<bean id="transactionManager"
		class="org.springframework.jdbc.datasource.DataSourceTransactionManager">
		<property name="dataSource" ref="dataSource" />
	</bean>
 	<tx:annotation-driven />

</beans>